RegionName,State,Metro,CountyName,SizeRank,2010-01,2010-02,2010-03,2010-04,2010-05,2010-06,2010-07,2010-08,2010-09,2010-10,2010-11,2010-12,2011-01,2011-02,2011-03,2011-04,2011-05,2011-06,2011-07,2011-08,2011-09,2011-10,2011-11,2011-12,2012-01,2012-02,2012-03,2012-04,2012-05,2012-06,2012-07,2012-08,2012-09,2012-10,2012-11,2012-12,2013-01,2013-02,2013-03,2013-04,2013-05,2013-06,2013-07,2013-08,2013-09,2013-10,2013-11,2013-12,2014-01,2014-02,2014-03,2014-04,2014-05,2014-06,2014-07,2014-08,2014-09,2014-10,2014-11,2014-12,2015-01,2015-02,2015-03,2015-04,2015-05,2015-06,2015-07,2015-08,2015-09,2015-10,2015-11,2015-12,2016-01,2016-02,2016-03,2016-04,2016-05,2016-06,2016-07,2016-08,2016-09,2016-10,2016-11,2016-12,2017-01,2017-02,2017-03,2017-04,2017-05,2017-06,2017-07,2017-08,2017-09
Acworth,GA,Atlanta,Cobb,461,,,,,,,,,,,,,,,,,,,,,,,,,,,,,,,,,,,,,,,,,,,,,,,215000,214990,199900,215000,223461,224900,217950,225000,220000,219900,229900,234900,228700,203465,214900,219900,224900,220990,229999,230000,230500,241445,239650,235495,248990,240995,249900,250000,243900,245000,243500,239250,245000,244950,235000,249000,245000,239900,246202.5,240838,250960,264174.5,265990,265000,260000,265385,279900
Adairsville,GA,Atlanta,Bartow,3374,,,,,,,,,,,,,,,,,,,,,,,,,,,,,,,,,,,,,,,,,,119900,119900,119900,124900,132250,135000,125450,116750,131000,126875,129900,139700,133900,139500,135450,139500,128900,129900,125000,124900,126950,131450,129900,133950,137500,134900,139850,135000,139950,139900,149900,139900,149900,149900,159000,159000,146200,155450,149900,149900,154450,159450,159900,159900,159900,162500,162500,169900,187278,187656,191380,190640
Alpharetta,GA,Atlanta,Fulton,1085,,,,,,,,,,,,,,,,,,,,,,,,,,,,,,,,,,,,329900,319000,315000,328900,345000,350000,349900,349900,339900,339900,329500,335000,345000,349900,339900,350000,359900,373400,390000,404900,4.00E+05,384967.5,384750,392900,395000,449690,435000,429900,429900,429900,439900,439900,453349,445000,449000,450000,475000,497980,477450,459200,459900,474900,459900,474900,475000,475000,475000,469900,468630,468385,480000,489900,482010,478310,489000,491490,499000,503530
Atlanta,GA,Atlanta,Fulton,40,,,,,,,,,,,,,,,,,,,,,,,,,,,,,,,,,,,,,,,,,,,,,,,189000,179900,179000,189900,2.00E+05,222200,215000,220000,219000,213775,204900,2.00E+05,195000,189500,191250,199949.5,210000,219700,225000,234900,225000,234900,239900,244900,239900,235000,244999.5,245000,259000,270000,275000,269000,269000,259900,269000,275000,275000,260000,260000,279900,309900,330000,330000,335000,329900,320000,329950
Auburn,GA,Atlanta,Barrow,3706,,,,,,,,,,,,,,,,,,,,,,,,,,,,,,,,,,,,,,,,,,,,,,,,,,,,,,,,,,,,,,,,264220,296900,296900,309800,320900,329900,332213,334832,332213,325000,329500,328557,313850,321700,324900,318500,329950,334243,329900,319950,309990,304900,310900,314950,329925,326950,319925,318928,318704,326950
Austell,GA,Atlanta,Cobb,1244,,,,,,,,,,,,,,,,,,,,,,,,,,,,,,,,,,,,,,,,,,,,,,,110000,109900,109900,109900,115000,113900,113000,116000,110000,121000,118450,115000,109900,99900,109900,119500,115000,115000,115000,119450,115000,120000,119950,126000,128799,127950,127950,121450,125000,129000,130000,148000,148000,145000,145500,149200,149900,145000,149387.5,155000,155500,154825,159800,155000,155000,155450,152000
Belvedere Park,GA,Atlanta,Dekalb,2902,,,,,,,,,,,,,,,,,,,,,,,,,,,,,,,,,,,,,,,,,,,,,,,,,,,,,,,,,,,,,,,,,,,,,,,,,,,,,,,,,134900,130500,133000,129999.5,139900,150000,151450,159900,167000,171921,172211,171960.5,174285.5
Bethlehem,GA,Atlanta,Barrow,6297,,,,,,,,,,,,,,,,,,,,,,,,,,,,,,,,,,,,,,,,,,,,,,,,,,,,,146900,139900,139900,138950,144900,144900,129950,134900,139900,142900,145350,149000,139900,146900,153000,150000,153000,155000,155000,157900,158900,159900,159900,164950,177900,175000,175000,161200,159950,164900,179900,184900,184000,185000,181990,184000,183995,184900,184900,183990,184990
Braselton,GA,Atlanta,Gwinnett,5590,,,,,,,,,,,,,,,,,,,,,,,,,,,,,,,,,,,,,,,,,,,,,,,,,,,,,,,,,,,,,,,396950,341600,343300,335000,316000,346900,374900,349900,335000,329900,316745,344990,339995,342450,345990,350990,359900,362060,387450,419900,460000,419900,449800,447400,459800,472400,449950,456950,449900,420000,427449.5
Brookhaven,GA,Atlanta,Dekalb,1220,325000,329000,325000,325000,335000,324925,324000,325000,324900,315000,299949.5,299900,299900,299900,299949.5,312500,299999,299900,307950,305000,299900,279450,276900,287250,299900,299900,299900,304900,322450,325000,325000,310000,314900,325000,350000,350000,350000,359900,365000,375000,384900,389000,385000,379450,389000,389949.5,399500,391000,385000,399900,419950,429500,424900,427900,419900,429900,432975,424950,424500,439000,425000,425000,429900,450000,470000,470000,470000,450000,469000,489900,499950,549900,581000,565000,542222.5,550000,550000,537450,540000,535000,539000,539000,535000,525000,523800,519900,517450,515000,525000,534864,550000,529000,525000
Buckhead,GA,Atlanta,Morgan,6465,,,,,,,,,,,,,,,,,,,,,,,,,,,365000,377000,339000,314000,350000,379000,365000,329900,345000,337450,327450,325000,325000,325000,305000,305000,295000,289000,312000,329000,289000,289000,274000,289000,325000,299900,337000,329000,329000,329000,349700,349250,318700,318700,328250,339000,350000,341950,334250,329500,349000,349900,350000,350000,350000,349500,349500,362000,360500,369000,376750,379000,368250,379000,379450,355000,355000,379000,374999,376999.5,379000,376999.5,329500,362000,362000,375000,375000
Buford,GA,Atlanta,Gwinnett,1158,,,,,,,,,,,,,,,,,,,,,,,,,,,,,,,,,,,,,,,,,,,,,,,229900,229250,229950,239900,243900,249900,248750,244900,248950,249900,250000,249995,249900,253000,249900,249900,238400,237500,239000,249900,255000,269900,274835,275000,279900,294900,289900,276490,276220,279700,279950,285900,295900,299900,294975,299900,299900,309000,294900,282450,305000,310000,310650,310000,305000,299995,307140
Canton,GA,Atlanta,Cherokee,572,,,,,,,,,,,,,,,,,,,,,,,,,,,,,,,,,,,,,,,,,,,,,,,255950,254950,259000,256900,259900,257500,259900,260000,260000,269900,265000,285000,289000,278465,289900,291702.5,289900,286000,288900,287450,289900,290000,291950,294700,297500,299900,313450,323645,319060,310000,310000,307122.5,291620,3.00E+05,309900,303953,296000,289900,279000,289700,301280,312900,315000,315000,315000,309000,311000
Carrollton,GA,Atlanta,Carroll,3431,,,,,,,,,,,,,,,,,,,,,,,,,,84950,92450,88700,84900,96950,88850,99500,89000,99900,98500,99900,97900,95000,102400,102450,111999.5,115600,116050,119900,118450,114900,115000,119900,124900,119900,121500,129900,129900,124900,124900,120200,126250,129900,134900,129900,125000,129900,124900,129900,129900,138900,129900,129700,126450,125000,129900,129900,129900,130950,139900,139900,149900,149914,151065,149900,154900,155000,154900,150900,154900,154900,148780,149900,149900,149900,149900,149900,149900
Cartersville,GA,Atlanta,Bartow,2481,,,,,,,,,,,,,,,,,,,,,,,,,,,,,,,,,,,,,,,,,,,,,,142000,145400,140950,128850,139900,139000,154900,169900,167900,149900,148705,146000,146900,144450,139900,135000,145000,149900,169000,165900,174900,179875,179900,179900,185450,183900,183937.5,187950,199900,189900,199900,186900,195900,195000,199900,199900,193515,194000,199900,193000,209950,199900,199900,225000,234900,207500,209900,215852.5
Chattahoochee Hill Country,GA,Atlanta,Fulton,6027,,,,,,,,,,,,,,,,,,,,,,,,,,,,,,,,,,,,,,,,,,,,,,,,,,,,,,,,,,,,,,,,,,,,,,,,599000,637000,627000,552500,525000,509450,499900,545750,599000,599000,639000,639000,639000,676400,689000,619900,619900,640000,629000,629000,595000,628110
Clarkston,GA,Atlanta,Dekalb,2385,,,,,,,,,,,,,,,,,,,,,,,,,,,,,,,,,,,,,,,,,,,,,,,,,,,,,,,,,,,,,,,,,,,,,,,,,131000,127000,124900,119900,125913,132400,142900,139200,135000,140000,140000,140000,135000,140000,149900,159000,160000,146900,144000,139900,149900
Conley,GA,Atlanta,Dekalb,4872,,,,,,,,,,,,,,,,,,,,,,,,,,,,,,,,,,,,,,,,,,,,,,,,,,,,,,,,,,,,,,,,,,,,,,,,,79250,75000,75000,74900,72000,75000,72175,69990,68950,75000,75000,75000,84400,94000,92800,91000,90000,103500,97000,99900,99900
Conyers,GA,Atlanta,Rockdale,495,,,,,,,,,,,,,,,,,,,,,,,,,,,,,,,,,,,,,,,,,,,,,,,,,,,,,,,,,,,,150000,149900,159000,151900,150000,152000,156950,157900,157900,159900,160000,160000,160000,159900,154900,158944,161950,159900,162000,160000,160000,158888,157450,157000,155900,154900,158000,159000,164900,158000,170000,169900,173900,171900
Covington,GA,Atlanta,Newton,519,,,,,,,,,,,,,,,,,,,,,,,,,,,,,,,,,,,,,,,,,,,,,,,118700,120000,119000,122900,129900,132400,129900,138900,139000,131525,124900,124900,119450,121500,125000,122500,129900,139250,134900,134974.5,145000,140000,139900,139900,139000,139900,135000,129900,130000,134900,139900,146450,147950,144900,148475,150000,150000,150000,155900,152640,160000,160320,175000,179000,179900,177400,182990
Cumming,GA,Atlanta,Forsyth,224,250000,254900,249900,247990,247900,239900,238866,230000,226900,229850,226403,223854,225000,220000,225000,223498,224900,223945,222990,224500,224900,221000,217000,214900,220710,220710,224900,225000,225000,229900,235000,229900,229900,235500,254900,260950,264990,269900,273954,280500,288750,297500,299000,299000,298000,307999.5,298450,299900,299900,3.00E+05,302900,3.00E+05,306750,303900,301900,306995,308950,305332.5,309990,313490,319848,325000,325000,325900,334800,332833,325000,330450,329900,336945,340011,340000,344900,349900,350611,359900,359900,359000,358592,359000,359250,362457.5,363650,367802,368588.5,365000,369000,369900,374900,374000,373950,375000,374630
Dacula,GA,Atlanta,Gwinnett,1535,,,,,,,,,,,,,,,,,,,,,,,,,,,,,,,,,,,,,,,,,,,,,,,231500,233250,232500,229428,238699,244321,245455.5,249000,245000,252320,249900,249900,249900,250000,249900,248404,246313,247000,249500,248750,249900,251409.5,257845.5,259900,259900,259900,260870,259900,262110,265087.5,265000,269900,266639,265990,266278,267000,270000,278900,279900,277950,279450,278407.5,275900,274990,275000,275000,275000
Dawsonville,GA,Atlanta,Dawson,2193,,,,,,,,,,,,,,,,,,,,,,,,,,,,,,,,,,,,,,,,,242200,249000,235000,236500,230000,222425,224875,224875,204950,222450,220000,234900,249450,259900,256950,252000,260000,249950,244500,247000,249900,249950,245000,245000,244900,251745,264950,279900,276995,270900,289900,288696,285000,286700,290665,292688,279950,280000,279945,269900,279900,278945,273464,281000,269450,279900,269900,285000,291990,289900,291490,291990,294900
Decatur,GA,Atlanta,Dekalb,2521,345000,330000,325000,325000,330000,329000,325000,349000,329450,317000,279950,285000,287900,295000,299900,3.00E+05,319000,310000,3.00E+05,299000,287000,275000,254850,249950,250000,239950,264900,269900,280000,280000,275000,250000,250000,265000,289700,289900,303750,327000,339000,332500,325000,324950,329000,325000,325000,349000,373500,379500,339000,384950,399900,422450,416500,425000,450000,445000,445000,455000,470000,455000,489000,522200,499000,499000,499000,489900,475000,499000,489000,524950,564000,569000,615900,582000,520000,529000,534000,515000,509500,498421.5,499999,501769.5,530000,5.00E+05,542500,5.00E+05,478147,512500,545008,549337,519950,499900,499000
Douglasville,GA,Atlanta,Douglas,465,,,,,,,,,,,,,,,,,,,,,,,,,,,,,,,,,,,,,,,,,,,,,,,139900,139570.5,134950,135000,139900,144950,140000,149900,149900,157000,154900,155341,150000,135500,140000,148700,149900,153008,156500,159000,160000,163640,162885,159640,155900,159900,159990,155000,162885,165000,169900,178814.5,175000,175000,175000,171950,169374.5,169000,169900,170000,179900,179900,179900,182950,181950,182950,186882
Druid Hills,GA,Atlanta,Dekalb,3241,,,,,,,,,,,,,,,,,,,,,,,,,,,,,,,,,,,,,,,,,,,,,,,,,,,,,,,,,,,,,599000,647450,617000,589499.5,599000,579949.5,565000,559900,524450,544000,592500,649900,689900,727500,665000,689900,662500,649500,642500,612000,615000,639000,642000,599900,596000,599900,645000,649000,630000,634500,675000,699000,699450
Duluth,GA,Atlanta,Gwinnett,353,,,,,,,,,,,,,,,,,,,,,,,,,,,,,,,,,,,,,,,,,,,,,,,,,,,,,,,,,,,,,,,,,,,,,,,,,329400,299250,296000,296000,289900,286480,288250,279540,274900,281000,275000,279540,289270,295080,299900,293530,289450,293450,292000,285000,279900
Dunwoody,GA,Atlanta,Dekalb,1103,325000,325000,328250,329900,325500,325000,315000,323700,299900,299000,295000,286875,289900,295000,297000,299000,299000,288250,285000,285000,288000,272328,269000,266000,271500,274900,270000,267450,275450,279950,269900,269900,277000,294900,319900,324500,299950,318500,325000,344000,349900,334900,330000,325000,325000,3.00E+05,319700,319900,289900,314950,335000,350000,365000,364900,355000,365000,359900,362400,364950,349450,359900,354900,350000,389450,382450,389000,389900,399000,385000,399000,399900,399900,419700,425000,411957,399900,4.00E+05,4.00E+05,4.00E+05,382500,4.00E+05,419900,425000,435000,435000,435000,437450,454500,450000,455000,450000,450000,450000
East Point,GA,Atlanta,Fulton,1391,,,,,,,,,,,,,,,,,,,,,,,,,,,,,,,,,,,,,,,,,,,,,,,,69900,65000,69900,75450,75000,75000,75000,79450,89900,89900,78500,77500,75000,80000,80000,85500,89000,94900,94950,107000,111000,119900,105000,107000,104950,99900,104000,110000,114900,99900,110000,114400,112950,119000,117736.5,119000,119000,115000,115000,119000,119000,129900,135000,136500,141000,146000
Fairburn,GA,Atlanta,Fulton,7080,,,,,,,,,,,,,,,,,,,,,,,,,,,,,,,,,,,,,,,,,,,,,,,,,,,,,,,,,,,,,,,,,,,,,,,,,,,,161250,179250,192755,189590.5,187000,189900,195900,189900,187351.5,185000,180363,180990,171900,180990,186450,183000,189630.5,195836.5
Fayetteville,GA,Atlanta,Fayette,758,,,,,,,,,,,,,,,,,,,,,,,,,,,,,,,,,,,,,,,,,,,,,,,236551,238127,235438,244462,250000,251495,252797,259900,264256,261059,255990,253450,264900,259900,270501,278000,275000,275000,276915,282750,289900,299900,297500,297500,297200,299000,288664,253900,274950,274500,299000,295000,289900,290468.5,289638.5,289970,298000,293847,303000,299900,311400,319900,319450,310145,299450,299900,316150
Forest Park,GA,Atlanta,Clayton,2468,,,,,,,,,,,,,,,,,,,,,,,,,,,,,,,,,,,,,,,,,,,,,,,,,,,,,,,,50000,49000,51900,46900,50000,49700,48450,49000,50000,50000,53250,54900,54900,54900,55000,55000,55000,55000,58700,54950,57000,54950,55900,55450,54900,55000,59118,59950,60000,60000,61450,65500,63500,60000,60000,64900,64900,68950
Grantville,GA,Atlanta,Coweta,6463,,,,,,,,,,,,,,,,,,,,,,,,,,,,,,,,,,,,,,,,,,,,,,,,,,127450,129900,129900,129900,127400,127400,127400,129900,117500,116285,115035,120000,119450,120000,124500,129998,139900,129950,137900,136900,135900,132450,130000,134900,135900,139900,136900,137900,137900,148350,144950,139900,134000,134900,134250,142500,144900,135000,143950,140950,139000,144900,159900,154900
Grayson,GA,Atlanta,Gwinnett,2864,,,,,,,,,,,,,,,,,,,,,,,,,,,,,,,,,,,,,,,,,,,,,,,214700,199900,190000,189900,199900,206500,238750,246222.5,252900,248590,249835,251101,254900,257900,257900,261795,264950,259950,262085,259950,252945,263900,264430,260850,255500,254990,254857.5,250000,250000,250000,250435,250000,258415,269700,264900,276923.5,276818.5,263776,259900,266789,269250,270947,269950,270000,267716,270000,261242.5
Hampton,GA,Atlanta,Henry,6353,,,,,,,,,,,,,,,,,,,,,,,,,,,,,,,,,,,,,,,,,,,,,,,114950,131500,124900,117450,117450,117500,137000,137000,137000,135000,135900,136000,124400,140900,139000,140400,154900,154900,152400,145000,149999,158450,162400,155000,152499.5,147999,158000,152000,142700,124650,135000,137000,149000,140000,160000,146900,158945,158995,186195,180490,179900,174450,174450,178400,179945,183945,163000
Hapeville,GA,Atlanta,Fulton,4978,,,,,,,,,,,,,,,,,,,,,,,,,,,,,,,,,,,,,,,,,,,,,,,,,,,,,,,,,,,,,,,,,,,,,,,,,129000,129000,123000,119900,120000,124900,124450,134000,149500,134000,140000,115000,124900,129900,147500,159000,172000,170000,170000,166500,166500
Holly Springs,GA,Atlanta,Cherokee,6436,,,,,,,,,,,,,,,,,,,,,,,,,,,,,,,,,,,,,,,,,,,,,,,194900,197900,199900,184900,197900,199950,201450,203900,199700,199900,207450,214900,220000,224000,221900,220950,219950,218900,219680,225990,233990,245900,244950,248900,244420,255000,262266,266000,264950,263990,264900,259900,255000,255000,259950,275000,279947.5,276850,274900,275000,274900,284900,274990,276990,279990,284900,288995
Jackson,GA,Atlanta,Butts,2255,,,,,,,,,,,,,,,,,,,,,,,,,,,,,,,,,,,,,,,,,,,,,,,149900,149700,125000,139000,149900,153450,149700,148525,149000,149700,154900,159000,149000,149950,149000,132900,139900,150000,149000,159450,144950,156400,144900,139900,139900,140900,144000,148000,142000,143900,144800,139900,138643.5,139400,130950,134900,133700,129950,134950,135000,137999,139999,139900,159500,169900,159900,168250
Jasper,GA,Atlanta,Pickens,6639,,,,,,,,,,,,,,,,,,,,,,,,,,,,,,,,,,,,,,,,,,,,,,,279900,279900,275900,274900,274200,275000,275000,282200,299000,279900,284500,279900,275000,279000,274950,274900,269000,279900,275000,279900,279900,289000,285000,279900,294000,298000,286950,288950,288950,284000,289000,295000,295000,295000,289000,289900,289900,295000,289900,297000,295000,299900,3.00E+05,3.00E+05,299900,299900,299999.5
Johns Creek,GA,Atlanta,Fulton,978,359200,359900,349900,349900,349000,339900,325000,319900,299999.5,297750,279900,275495,279900,275000,279900,299700,299999,309450,314949.5,3.00E+05,289900,289900,269900,263750,269000,299000,3.00E+05,309000,3.00E+05,3.00E+05,299000,3.00E+05,3.00E+05,303475,345000,344950,349000,349000,340000,350000,349900,359900,365000,364000,369000,373900,380000,379900,389900,399900,399000,394990,389900,388000,390000,395000,384950,388000,385000,389900,399950,4.00E+05,399900,4.00E+05,399000,399900,399900,415000,415000,425000,438200,447207.5,450000,480000,475000,484950,474950,474900,467450,469900,464900,479444,485000,470000,474900,457582.5,465000,469900,479900,469000,459900,454800,475000
Kennesaw,GA,Atlanta,Cobb,433,,,,,,,,,,,,,,,,,,,,,,,,,,,,,,,,,,,,,,,,,,,,,,210000,2.00E+05,197000,199000,199500,203375,208500,209900,214900,205000,206000,205000,205000,208450,2.00E+05,205000,214900,225000,224900,224900,220000,217750,219900,219900,219900,225000,228900,237499,235000,233950,245000,245000,245000,239900,239900,242000,249900,245000,260000,277500,260999.5,265000,265000,269900,269000,268000,265000,269900
Lawrenceville,GA,Atlanta,Gwinnett,100,,,,,,,,,,,,,,,,,,,,,,,,,,,,,,,,,,,,,,,,,,,,,,,155000,145000,147750,149900,159900,161900,165000,171450,174900,170000,173343.5,174900,174900,169900,175000,175000,180000,180000,184000,185000,187500,189900,192000,189900,192900,192900,195000,189900,189900,196000,197450,199900,205000,2.00E+05,2.00E+05,2.00E+05,2.00E+05,201900,207900,204900,217000,219000,219900,220000,222373.5,224250,224500
Lilburn,GA,Atlanta,Gwinnett,794,,,,,,,,,,,,,,,,,,,,,,,,,,,,,,,,,,,,,,,,,,,,,,,175000,164900,169900,175000,179000,189000,189950,195000,190000,197500,195000,180000,178900,174900,170000,179000,182000,184900,185000,190000,185325,189950,186321,189000,189900,189900,189900,194900,194900,194900,2.00E+05,206978,219900,219900,224900,220000,215950,225000,229900,229950,239900,239900,239900,235000,235900,235000,243900
Lithia Springs,GA,Atlanta,Douglas,3291,,,,,,,,,,,,,,,,,,,,,,,,,,,,,,,,,,,,,,,,,,,,,,,89500,84900,82450,84950,99825,97375,97375,93700,95000,104950,98000,90950,96450,98950,109900,119900,124500,117900,118900,121500,119900,123150,124900,124900,124900,126950,124900,124450,128950,130450,127450,135000,138900,136250,136250,135000,135000,129950,130000,140000,137500,144332,144900,155000,165000,159000,161950
Lithonia,GA,Atlanta,Dekalb,394,,,,,,,,,,,,,,,,,,,,,,,,,,,,,,,,,,,,,,,,,,,,,,,,,,,,,,,,,,,,,,85700,90000,89900,89900,89900,94900,98500,104950,104500,107400,115000,108000,108540,109900,110000,124000,120000,125000,119900,120000,120000,124950,120000,126000,125000,130000,135000,139900,141507.5,141515,141515,143757.5
Locust Grove,GA,Atlanta,Henry,2813,,,,,,,,,,,,,,,,,,,,,,,,,,,,,,,,,,,,,,,,,,,,,,,169900,168900,182500,164250,184700,175000,174900,169900,184900,180000,179900,173950,189900,186990,195990,193900,186250,174900,172950,179900,185000,190990,191995,189900,190000,189850,189990,179900,179990,179900,179900,179900,179917,177900,184900,184900,186900,186900,189900,191900,190000,198900,201440,204900,209000,199900,194600
Loganville,GA,Atlanta,Walton,7038,,,,,,,,,,,,,,,,,,,,,,,,,,,,,,,,,,,,,,,,,,,,,,,,,,,,,,,,,,,,169999,175650,179550,182495,191990,199795,179650,192990,210940,217950,214920,214900,217940,219770,195900,2.00E+05,212440,210000,217057.5,217115,219900,228990,194950,188750,199000,217115,234200,234200,241495,239500,241900,238995,240200,239900
Lovejoy,GA,Atlanta,Clayton,6451,,,,,,,,,,,,,,,,,,,,,,,,,,,,,,,,,,,,,,,,,,,,,,,,,,,,,,,,,,,,,,,,,,,,,,,,,,,,,,,,127555,129000,119900,138900,149990,148990,149990,152095,152950,155919.5,154495,157195,155675,155675
Mableton,GA,Atlanta,Cobb,1870,,,,,,,,,,,,,,,,,,,,,,,,,,,,,,,,,,,,,,,,,,,,,,,2.00E+05,205000,209999.5,210303.5,216000,224950,225000,227500,225000,213450,215000,210000,209900,205000,204900,204900,214990,215000,229400,229900,234700,245000,241000,238000,234950,244800,249950,244900,241950,245000,245000,250000,249900,249900,239800,235000,236750,236450,234900,228990,236000,255000,260000,265000,260000,259900,250000
Madison,GA,Atlanta,Morgan,3914,,,,,,,,,,,,,,,,,,,,,,,,,,,,,,,,,,,,,,,,,,,,,,,249000,229950,249000,249500,279900,288000,276950,281000,289400,254950,249900,249500,249000,249500,249250,249000,249900,249500,258900,272450,258900,259900,288065,288000,294000,298500,299000,299000,299900,314900,314900,325000,341900,339000,339000,336400,335000,317750,289900,289900,283450,290000,299500,309950,332700,360000,349450
Manchester,GA,Atlanta,Meriwether,6030,,,,,,,,,,,,,,,,,,,,,,,,,,,,,,,,,,,,,,,,,,,,,,,,,,,,,,,,,,,,,,,,88000,81350,81350,89500,88000,87700,82450,77450,79900,79900,86250,80100,79000,75000,77850,79900,76900,71200,71200,72522.5,72000,73845,75322.5,74400,82500,79950,76500,79600,85750,82450
Marietta,GA,Atlanta,Cobb,61,,,,,,,,,,,,,,,,,,,,,,,,,,,,,,,,,,,,,,225000,229900,235000,242900,249900,250000,249900,249900,250000,245000,239250,236856,249800,250000,255000,254700,260000,254900,250000,254900,249999,249900,240000,244900,249900,257250,269000,274900,275000,275000,278625,284937.5,282450,285000,279900,290000,299900,309900,324900,325000,325000,325000,315000,310607.5,312500,320000,319000,319800,320000,334450,339900,339900,335000,335000,335000,339000
McDonough,GA,Atlanta,Henry,398,,,,,,,,,,,,,,,,,,,,,,,,,,,,,,,,,,,,,,,,,,,,,,,169000,169990,169500,165000,174990,180000,175000,188500,189900,188495,189900,185000,181810,175990,186770,189537,193422,195000,197616,196995,200248,204160.5,197500,195950,194900,198000,199900,199900,195761.5,195000,199925,209727.5,209640,205515,210000,215105,206990,209740,209595,209900,224900,229000,228018,225700,219900,219000,219047.5
Milner,GA,Atlanta,Lamar,6642,,,,,,,,,,,,,,,,,,,,,,,,,,,,,,,,,,,,,,,,,,,,,,,,,,,,,,,,,,,,,,,,,,,,,,,,,,,,,,,,162900,179900,163000,183450,189900,217400,198700,199900,184500,184500,174750,165000,164900,159450
Milton,GA,Atlanta,Fulton,1377,475000,487450,474950,5.00E+05,5.00E+05,499999,5.00E+05,499995,495000,495000,475000,450000,449900,454900,469900,475000,470000,450000,445000,425000,428025,399900,387900,379900,384900,384900,4.00E+05,448000,448900,465000,454950,434900,445450,450000,485000,484950,485000,488450,475000,475000,499900,525000,515250,515000,515000,547500,569500,547900,541750,561475,547075,550000,569900,571900,579900,550000,582500,575000,579900,584900,599154,617450,594900,599750,619900,610900,617337.5,639900,629000,627888,624000,632900,679864,683595,685000,689900,684900,673400,665000,650000,660000,659950,670000,688590,689000,675000,680000,692500,687700,677500,692215,691107.5,698525
Monroe,GA,Atlanta,Walton,4905,,,,,,,,,,,,,,,,,,,,,,,,,,,,,,,,,,,,,,,,,,,,,,,,,,,,,,,,,,121900,109900,103900,115000,119900,126000,128000,124950,119900,119900,119900,119900,126000,114950,119900,109900,111950,104900,106000,119900,119900,118250,113450,109900,119500,120000,129895,129895,134900,129400,129400,134900,139900,149000,142950,143000
Monticello,GA,Atlanta,Jasper,4865,,,,,,,,,,,,,,,,,,,,,,,,,,,,,,,,,,,,,,,,,,,,,,,,,,,,,,,,,,,,,118450,119900,129500,129000,126950,129000,129000,120000,129000,118000,114950,124900,124950,124950,118500,125000,132500,130750,136750,147000,166800,158500,132500,139000,139450,149950,158450,181100,184500,184700,179450,169900,164900
Newnan,GA,Atlanta,Coweta,484,,,,,,,,,,,,,,,,,,,,,,,,,,,,,,,,,,,,175000,179900,179950,178899,179000,179900,182000,187611,184950,189900,189900,194000,198000,198000,198000,199900,199000,199900,204900,199900,199900,207990,2.00E+05,209900,2.00E+05,209900,209990,214900,215000,217267,219900,218500,219281.5,218246,214900,215000,215000,217990,217500,208500,219900,220500,226400,231301,236000,233900,229900,225900,220000,219800,219900,229700,229945,235250,244950,244900,249900,241350
Norcross,GA,Atlanta,Gwinnett,330,,,,,,,,,,,,,,,,,,,,,,,,,,,,,,,,,,,,,,,,,,,,,,,94800,90250,94000,98000,109700,110000,115000,119900,120000,125000,125000,128944,129700,125000,125000,125000,130000,130000,134900,139000,137800,143250,148000,146900,144900,140000,144900,145000,145000,153450,159900,160000,160000,159900,159000,154450,159900,169000,164900,160000,160000,165900,165000,167900,169900,172000,175000
North Decatur,GA,Atlanta,Dekalb,2868,250000,249950,250000,249900,239450,239000,230000,233500,225000,222450,224900,224900,220000,224900,225000,225000,224900,220000,219900,219400,215000,209900,199900,179900,187700,189900,187200,194900,199900,199000,199900,199900,202450,199000,199450,185000,177500,194900,192250,194500,199900,209900,214500,224950,225000,221700,224900,215200,224400,214500,215900,225000,235000,235890,229900,225000,225000,225000,217000,217000,225000,225000,227000,232750,225000,227500,229000,250000,250000,282000,302500,312450,299900,298000,279500,295000,310000,305000,285000,305000,309900,332450,348950,350000,359900,325000,320000,309950,325000,369000,360000,352500,398750
North Druid Hills,GA,Atlanta,Dekalb,2682,,,,,,,,,,,,,,,,,,,,,,,,,,,,239000,249900,259000,249900,249950,249450,244000,256950,259000,257000,269000,267000,279450,289900,309900,309900,294500,299900,299900,299000,299900,276950,299000,280000,309000,309000,309950,312900,309900,310000,319000,309950,331950,360000,333700,331200,339900,350000,349950,379900,365000,397000,4.00E+05,415000,447250,474900,466095,474900,412500,429450,399900,424950,443000,454900,459900,459000,454900,450000,450000,439450,450000,447978,450000,434900,434900,446475
Peachtree City,GA,Atlanta,Fayette,1803,274900,279850,289000,281000,274000,264500,263250,259900,259900,258950,259900,248500,239950,238500,251950,259900,249900,250000,249900,249900,249900,243000,235000,229500,228000,229087.5,239900,238500,239900,239450,229900,231900,232000,230900,239990,249900,262450,250000,265600,268500,268250,264945,258700,258700,259500,268500,265000,262995,260445,264900,287500,315000,322450,295000,299900,309500,317400,308225,319200,322200,324900,324900,338000,336450,334950,339900,339450,338500,345000,349900,345000,346500,338500,339000,343000,354900,359900,363000,385000,347000,396900,399900,418950,429000,399450,388990,398900,392900,402490,410000,419900,417200,399000
Peachtree Corners,GA,Atlanta,Gwinnett,1149,232900,233900,219950,225000,225000,229900,224900,228500,215000,215000,210900,209900,209900,199900,199900,2.00E+05,199900,199000,202450,199945,199900,184300,178950,176500,189037.5,198950,208900,214900,2.00E+05,198950,195000,189900,199949.5,2.00E+05,219900,219900,222225,249900,244950,242000,255000,268500,263009.5,249950,249450,240000,239698,233200,227450,225000,225000,259000,248000,264900,249900,265000,259000,249900,250000,242500,249900,250000,250000,254450,269900,275000,259900,274900,275000,279900,279900,269900,255000,260000,279500,292449.5,3.00E+05,311000,309900,309900,3.00E+05,299350,3.00E+05,299249.5,280000,299000,337450,354000,352500,339000,329000,334900,337000
Powder Springs,GA,Atlanta,Cobb,5650,,,,,,,,,,,,,,,,,,,,,,,,,,,,,,,,,,,,,,,,,,,,,,,134500,137000,134950,135000,145000,149900,150000,149900,155000,160000,156000,152000,139900,134950,152000,158250,159000,166000,158000,157000,165000,159950,159450,159000,159000,159500,164300,154900,174950,173400,178500,184000,179626,179313,175000,170000,170000,175776,176138,179950,180000,180000,175000,179500,179900,199950,210000
Rex,GA,Atlanta,Clayton,3590,,,,,,,,,,,,,,,,,,,,,,,,,,,,,,,,,,,,,,,,,,,,,,,,,,,,,,,,,,,,,,,,,,,,,,,,,,,,,,115000,115000,119000,119950,119450,119900,119900,124000,122490,121865,127495,126174,129900,126995,143550,148850
Riverdale,GA,Atlanta,Clayton,866,,,,,,,,,,,,,,,,,,,,,,,,,,,,,,,,,,,,,,,,,,,,,,,,,,,,,,,,,,,,,,70000,68950,69950,74050,75000,79900,80000,81900,84369,82750,79950,77500,75950,79900,80000,84900,85000,84900,81900,83500,83000,89000,90000,95000,99900,109450,99000,104000,99900,104900,104900,109900
Roswell,GA,Atlanta,Fulton,481,299900,3.00E+05,297000,3.00E+05,299900,298000,289000,280000,275000,275000,259900,259450,250000,246900,249900,264900,264900,264900,259900,250000,250000,249000,232900,229900,234900,226375,231000,239900,250000,250000,239900,234900,229900,229999.5,259900,263000,269900,275000,275000,289000,297500,299000,3.00E+05,3.00E+05,3.00E+05,299900,289900,285950,299000,324900,334900,339450,335000,340000,347900,350000,349900,350000,360000,357075,369900,359000,359900,369000,375000,389000,389900,399000,4.00E+05,411000,414990,425000,439000,410000,419000,419900,424900,429900,440000,439000,446157,447314,450000,449900,441990,430495,433233,437700,439000,444900,445000,439985,436269
Sandy Springs,GA,Atlanta,Fulton,343,,,,,,,,,,,,,,,,,,,,,,,,,,,,,,,,,,,,,,,,398650,4.00E+05,4.00E+05,4.00E+05,418990,399900,395000,379900,375000,368500,379900,399900,425000,425000,445000,440000,450000,449900,439950,449900,450000,445000,459900,450000,474950,475000,489950,475235,479900,479995,479000,495850,504500,514900,5.00E+05,5.00E+05,539450,529450,535000,549000,525000,524900,539000,539000,550000,559000,550000,555000,575000,590384,579900,567396.5,559950,550000
Senoia,GA,Atlanta,Coweta,6841,,,,,,,,,,,,,,,,,,,,,,,,,,,,,,,,,,,,,,,,,,,,,,,,,,,,,,,,,,,,,,,,,272500,269900,265000,269800,269900,268400,264500,289900,302100,289949.5,309000,304300,317922.5,318575,315000,320550,320000,322375,327400,330134.5,332125,330369,339081,340000,343800,329000,333950,333950,329900
Sharpsburg,GA,Atlanta,Coweta,3877,182500,186500,190000,201400,205250,199450,189450,194650,194900,185650,184900,184900,185000,184950,189000,197611,194900,194900,189900,194850,194850,188500,189450,169900,187450,187900,192000,179900,179900,179900,179900,184061,179561,179900,198750,212000,212000,225000,219900,225000,224900,224950,217500,219900,228900,225000,229050,229550,249750,239900,249000,225000,229900,237000,250000,229900,249000,240000,244900,254000,249900,248155,249900,256900,239450,244900,244900,269900,262200,262450,262450,274900,259900,265300,262700,265000,268500,266750,278500,285000,278500,281000,281000,283500,288200,298500,312450,304499.5,299838.5,299000,303500,305695,308500
Smyrna,GA,Atlanta,Cobb,581,,,,,,,,,,,,,,,,,,,,,,,,,,,,,,,,,,,,,,,217900,220000,219900,220000,221207.5,225000,224900,220000,225000,219900,225000,225000,231905,239900,240000,244517.5,240000,250000,258000,255000,270000,250000,259900,259950,255000,255000,265000,265000,269999,269990,275000,275000,282400,289900,296990,277950,290000,295685.5,295900,299900,297800,3.00E+05,3.00E+05,3.00E+05,309250,309000,303750,3.00E+05,305000,319712,319900,318856,315000,317604,324900
Snellville,GA,Atlanta,Gwinnett,684,,,,,,,,,,,,,,,,,,,,,,,,,,,,,,,,,,,,,,,,,,,,,,,157250,149450,139900,138350,150000,149950,149900,155000,159000,159900,155000,154000,155000,149900,150000,158950,159900,166420,169000,169900,170000,170000,171400,169900,170640,174900,174900,174949.5,175000,179000,179950,180900,182400,185000,180833,185000,186444,185000,185450,180750,189900,193900,190000,193900,200500,2.00E+05,204900
Social Circle,GA,Atlanta,Walton,4836,,,,,,,,,,,,,,,,,,,,,,,,,,,,,,,,,,,,,,,,,,,,,,,,,,,,,,,210000,219950,244450,219950,217500,199950,209400,219900,199900,199900,227000,216000,217900,217900,219900,219900,224900,224900,224900,223400,209900,219900,219900,238999,254450,248950,239000,250000,239900,248000,219900,227900,232900,235950,239900,236900,236900,237650,254900
Statham,GA,Atlanta,Barrow,4445,,,,,,,,,,,,,,,,,,,,,,,,,,,,,,,,,,,,,,,,,,,,,,,,,,,,,,,,,,,,,,,,,,,,,,,,,,,,,,,365000,379000,379000,364450,379450,371832.5,363765,367400,339950,352400,357400,362955,359900,369000,365977.5
Stockbridge,GA,Atlanta,Henry,912,,,,,,,,,,,,,,,,,,,,,,,,,,,,,,,,,,,,,,,,,,,,,,,124900,126250,125000,119950,122425,129900,129945,135000,144900,139450,139900,139900,129950,125000,134900,145450,147900,149900,150000,159900,159900,160000,165000,157000,159000,164938.5,159950,164900,159900,159900,159999.5,162700,159950,162700,160000,160000,160000,159000,159900,156900,159900,159900,159945,159900,159945,160000,167000
Stone Mountain,GA,Atlanta,Dekalb,315,,,,,,,,,,,,,,,,,,,,,,,,,,,,,,,,,,,,,,,,,,,,,,,88500,74900,69000,79900,87900,89950,90000,95700,99900,99900,95000,96700,90000,89900,93000,99000,95000,99900,99900,99900,99900,109900,109900,105900,105000,99900,99900,99900,1.00E+05,102000,109900,114900,117750,119000,116999.5,119900,123990,120000,120000,120000,125900,129900,133990,134947.5,139900,140000,140000
Sugar Hill,GA,Atlanta,Gwinnett,5861,,,,,,,,,,,,,,,,,,,,,,,,,,,,,,,,,,,,,,,,,,,,,,,199000,2.00E+05,199792.5,2.00E+05,219675,225000,219900,223385,224000,224900,225000,231990,229945,228207.5,224985,229500,228395,225000,222450,224900,219000,210990,224900,248950,250000,257990,260000,247500,264900,250000,249000,249999.5,249900,255990,271490,268990,269995,275000,273875,268990,260000,274900,279995,279900,282950,279950,279900
Suwanee,GA,Atlanta,Gwinnett,1875,268058,259900,254900,250000,249900,250000,249900,246950,226900,229900,229000,222450,225000,220000,234900,235000,239850,239999.5,239900,225000,229900,227500,220000,210000,224900,219900,219900,224900,239900,239900,239900,239900,239999,239900,268295,269000,271750,268995,269000,271450,274900,274900,274900,279900,275000,277500,280000,289900,309900,310000,314150,315000,319900,319528,319400,329900,334999,335000,349450,350000,349900,362500,360000,351050,365000,359900,352002.5,371990,365000,375090,379900,379450,384900,378900,379900,383400,397500,389000,393500,387400,391310,392937,386490,387740,381765,381765,383000,397050,4.00E+05,395000,394950,389900,399999
Temple,GA,Atlanta,Carroll,3665,,,,,,,,,,,,,,,,,,,,,,,,,,,,,,,,,,,,,,,,,,,,,,,99900,99900,99900,101500,117400,119900,119900,119900,119900,123000,124000,119900,118850,113900,117950,117900,117900,118000,118850,118950,123000,119900,119000,119900,117400,116900,119000,119900,119900,119900,119900,119900,124900,124900,128900,125000,124900,124900,129000,129900,129900,131300,139073.5,140000,139900,140000,151303
Tucker,GA,Atlanta,Dekalb,1543,,,,,,,,,,,,,,,,,,,,,,,,,,,,,,,,,,,,,,,,,,,,,,169000,164500,155500,139900,159000,160500,179000,180000,188750,188500,189250,183450,179500,175000,179900,179999,175000,185000,186450,189000,189000,187500,189450,189000,179900,174950,175000,174400,189000,189000,199950,209900,207000,204000,205000,207250,205000,205000,2.00E+05,2.00E+05,202500,210000,220000,220000,225000,225000,225000,225000
Tyrone,GA,Atlanta,Fayette,5875,,,,,,,,,,,,,,,,,,,,,,,,,,,,,,,,,,,,,,,,,,,,,,,,,,,,,,,,,,,,,,,,,,,,,,,,,,,299900,299900,299900,315000,314500,348750,369950,348750,354900,379000,354900,341500,345000,324950,335000,335000,361165,368337,364566.5
Villa Rica,GA,Atlanta,Carroll,1673,,,,,,,,,,,,,,,,,,,,,,,,,,,,,,,,,,,,,,,,,,,,,,,128900,131900,134900,135000,137950,139900,142900,139900,145000,144000,145000,149250,144900,136000,140000,140000,144900,144900,149450,149900,147900,149900,149900,150000,155900,159900,162950,161700,156000,159350,159900,159900,159900,159900,169900,168400,166800,168200,175000,176950,184820,175000,179900,187573.5,190000,189900,195500
Vinings,GA,Atlanta,Cobb,4422,,,,,,,,,,,,,,,,,,,,,,,,,,,,,,,,,,,,,,,,,,,,292500,304950,288700,288700,284500,296450,284500,299000,325000,319000,299950,285000,3.00E+05,3.00E+05,338375,339900,336950,285297,285000,289500,295000,297750,309900,314900,314900,345000,377000,408400,350000,357500,345000,345000,375000,379950,374900,377450,360000,347400,398450,363950,377500,349950,375000,384900,437450,429000,419000,407000,4.00E+05,398000
Waleska,GA,Atlanta,Cherokee,5812,224950,215000,199950,199900,199900,208900,227450,229900,227450,230495,225000,207500,199990,199900,191445,189900,191445,199900,199000,189900,189700,189900,185000,171950,162750,148750,165000,162450,170500,167450,169500,159900,158950,184900,214900,2.00E+05,175500,197450,2.00E+05,197000,199500,216450,227000,229899.5,229000,222450,219900,202000,198250,198250,189900,189900,199000,197500,192450,195000,199900,199750,202400,199800,199900,210000,210000,217900,216400,207450,217250,224900,238400,238900,229900,228900,228900,230000,252500,250000,269900,252500,262500,249450,250000,249450,241900,249450,247400,249900,254900,260000,259900,262450,289500,276200,304950
Winder,GA,Atlanta,Barrow,1207,,,,,,,,,,,,,,,,,,,,,,,,,,,,,,,,,,,,,,,,,,,,,,,129900,129900,131900,129900,135000,137900,138975,139900,144900,143900,146900,144900,144400,146925,139999.5,145425,143900,144500,145425,148700,148425,154250,159900,159500,159900,161900,159900,159450,156400,159450,160900,160000,164900,160000,159900,159900,163000,164900,169900,169900,169900,173400,175000,176950,179000,184700,179900
Winston,GA,Atlanta,Douglas,6420,,,,,,,,,,,,,,,,,,,,,,,,,,,,,,,,,,,,,,,,,,,,,,,,,,,,,,,2.00E+05,205000,185900,2.00E+05,196900,169900,195000,187400,195000,199000,215000,225000,224950,220000,220000,229000,229900,229900,229000,218000,244900,229900,229000,219900,204950,191950,185000,188000,184900,179900,175000,199900,219000,208900,227547,205000,231900,239900,235000
Woodstock,GA,Atlanta,Cherokee,475,,,,,,,,,,,,,,,,,,,,,,,,,,,,,,,,,,,,,,,,,,,,,,209900,210000,213347.5,214900,210000,209900,205500,210000,216800,214900,225000,229442.5,234900,235000,240000,240000,248900,244950,239900,242745,237900,239950,255000,259900,249900,250000,250000,256797.5,255000,258900,272080,267000,259900,259900,269000,265000,268000,269999,279949.5,299900,309400,304250,310000,306000,299900,309000,314900,314999
